{"cameraMode":{"drawMode":0,"name":"Shaded","section":"Shading Mode"},"sceneLighting":true,"audioPlay":false,"sceneViewState":{"showFog":true,"showMaterialUpdate":false,"showSkybox":true,"showFlares":true,"showImageEffects":true,"showParticleSystems":true},"in2DMode":false,"pivot":{"x":-4.483238220214844,"y":-11.677433967590332,"z":23.382091522216798},"rotation":{"x":0.30963999032974245,"y":-0.03222440183162689,"z":0.010499116964638234,"w":0.9502532482147217},"size":57.884727478027347,"orthographic":false}